image_path,video_file,true_plate_text,condition_tags
labeling_set/14751750_1080_1920_59fps/frame_000000_vehicle_3.jpg,14751750_1080_1920_59fps,,"night,motion_blur"
labeling_set/14751750_1080_1920_59fps/frame_000087_vehicle_4.jpg,14751750_1080_1920_59fps,,night
labeling_set/14751750_1080_1920_59fps/frame_000116_vehicle_4.jpg,14751750_1080_1920_59fps,,night
labeling_set/14751750_1080_1920_59fps/frame_000145_plate_0.jpg,14751750_1080_1920_59fps,,"night,motion_blur"
labeling_set/14751750_1080_1920_59fps/frame_000145_vehicle_3.jpg,14751750_1080_1920_59fps,,night
labeling_set/14751750_1080_1920_59fps/frame_000174_vehicle_0.jpg,14751750_1080_1920_59fps,,night
labeling_set/14751750_1080_1920_59fps/frame_000174_vehicle_2.jpg,14751750_1080_1920_59fps,,"night,motion_blur"
labeling_set/14751750_1080_1920_59fps/frame_000203_vehicle_2.jpg,14751750_1080_1920_59fps,,night
labeling_set/14751750_1080_1920_59fps/frame_000203_vehicle_5.jpg,14751750_1080_1920_59fps,,"day,angled"
labeling_set/14751750_1080_1920_59fps/frame_000232_vehicle_0.jpg,14751750_1080_1920_59fps,,night
labeling_set/14751750_1080_1920_59fps/frame_000232_vehicle_8.jpg,14751750_1080_1920_59fps,,night
labeling_set/14751750_1080_1920_59fps/frame_000261_vehicle_1.jpg,14751750_1080_1920_59fps,,night
labeling_set/14751750_1080_1920_59fps/frame_000290_vehicle_0.jpg,14751750_1080_1920_59fps,,night
labeling_set/14751750_1080_1920_59fps/frame_000290_vehicle_2.jpg,14751750_1080_1920_59fps,,night
labeling_set/14751750_1080_1920_59fps/frame_000290_vehicle_3.jpg,14751750_1080_1920_59fps,,night
labeling_set/14751750_1080_1920_59fps/frame_000319_vehicle_3.jpg,14751750_1080_1920_59fps,,night
labeling_set/14751750_1080_1920_59fps/frame_000348_vehicle_3.jpg,14751750_1080_1920_59fps,,night
labeling_set/14751750_1080_1920_59fps/frame_000348_vehicle_6.jpg,14751750_1080_1920_59fps,,night
labeling_set/14751750_1080_1920_59fps/frame_000348_vehicle_9.jpg,14751750_1080_1920_59fps,,night
labeling_set/14751750_1080_1920_59fps/frame_000377_vehicle_0.jpg,14751750_1080_1920_59fps,,night
labeling_set/14751750_1080_1920_59fps/frame_000377_vehicle_3.jpg,14751750_1080_1920_59fps,,night
labeling_set/14751750_1080_1920_59fps/frame_000377_vehicle_6.jpg,14751750_1080_1920_59fps,,night
labeling_set/14751750_1080_1920_59fps/frame_000406_vehicle_0.jpg,14751750_1080_1920_59fps,,night
labeling_set/14751750_1080_1920_59fps/frame_000406_vehicle_1.jpg,14751750_1080_1920_59fps,,night
labeling_set/14751750_1080_1920_59fps/frame_000406_vehicle_3.jpg,14751750_1080_1920_59fps,,night
labeling_set/14751750_1080_1920_59fps/frame_000406_vehicle_5.jpg,14751750_1080_1920_59fps,,night
labeling_set/14751750_1080_1920_59fps/frame_000435_vehicle_0.jpg,14751750_1080_1920_59fps,,night
labeling_set/14751750_1080_1920_59fps/frame_000464_vehicle_2.jpg,14751750_1080_1920_59fps,,night
labeling_set/14751750_1080_1920_59fps/frame_000464_vehicle_3.jpg,14751750_1080_1920_59fps,,night
labeling_set/14751750_1080_1920_59fps/frame_000493_vehicle_1.jpg,14751750_1080_1920_59fps,,night
labeling_set/14751750_1080_1920_59fps/frame_000522_vehicle_0.jpg,14751750_1080_1920_59fps,,night
labeling_set/14751750_1080_1920_59fps/frame_000522_vehicle_1.jpg,14751750_1080_1920_59fps,,night
labeling_set/14751750_1080_1920_59fps/frame_000551_vehicle_1.jpg,14751750_1080_1920_59fps,,night
labeling_set/14751750_1080_1920_59fps/frame_000580_vehicle_2.jpg,14751750_1080_1920_59fps,,night
labeling_set/14751750_1080_1920_59fps/frame_000580_vehicle_4.jpg,14751750_1080_1920_59fps,,night
labeling_set/14751750_1080_1920_59fps/frame_000580_vehicle_6.jpg,14751750_1080_1920_59fps,,night
labeling_set/14751750_1080_1920_59fps/frame_000609_vehicle_6.jpg,14751750_1080_1920_59fps,,night
labeling_set/14751750_1080_1920_59fps/frame_000609_vehicle_7.jpg,14751750_1080_1920_59fps,,night
labeling_set/14751750_1080_1920_59fps/frame_000609_vehicle_9.jpg,14751750_1080_1920_59fps,,night
labeling_set/14751750_1080_1920_59fps/frame_000667_vehicle_1.jpg,14751750_1080_1920_59fps,,night
labeling_set/14828714_1080_1920_30fps/frame_000000_vehicle_0.jpg,14828714_1080_1920_30fps,,day
labeling_set/14828714_1080_1920_30fps/frame_000000_vehicle_1.jpg,14828714_1080_1920_30fps,,"day,straight"
labeling_set/14828714_1080_1920_30fps/frame_000000_vehicle_10.jpg,14828714_1080_1920_30fps,,day
labeling_set/14828714_1080_1920_30fps/frame_000000_vehicle_11.jpg,14828714_1080_1920_30fps,,
labeling_set/14828714_1080_1920_30fps/frame_000000_vehicle_12.jpg,14828714_1080_1920_30fps,,day
labeling_set/14828714_1080_1920_30fps/frame_000000_vehicle_13.jpg,14828714_1080_1920_30fps,,day
labeling_set/14828714_1080_1920_30fps/frame_000000_vehicle_14.jpg,14828714_1080_1920_30fps,,
labeling_set/14828714_1080_1920_30fps/frame_000000_vehicle_15.jpg,14828714_1080_1920_30fps,,day
labeling_set/14828714_1080_1920_30fps/frame_000000_vehicle_16.jpg,14828714_1080_1920_30fps,,day
labeling_set/14828714_1080_1920_30fps/frame_000000_vehicle_17.jpg,14828714_1080_1920_30fps,,day
labeling_set/14828714_1080_1920_30fps/frame_000000_vehicle_18.jpg,14828714_1080_1920_30fps,,day
labeling_set/14828714_1080_1920_30fps/frame_000000_vehicle_2.jpg,14828714_1080_1920_30fps,HR06BJ3127,"day,clear"
labeling_set/14828714_1080_1920_30fps/frame_000000_vehicle_4.jpg,14828714_1080_1920_30fps,,day
labeling_set/14828714_1080_1920_30fps/frame_000000_vehicle_5.jpg,14828714_1080_1920_30fps,,day
labeling_set/14828714_1080_1920_30fps/frame_000000_vehicle_6.jpg,14828714_1080_1920_30fps,,day
labeling_set/14828714_1080_1920_30fps/frame_000000_vehicle_7.jpg,14828714_1080_1920_30fps,,"day,angled"
labeling_set/14828714_1080_1920_30fps/frame_000000_vehicle_8.jpg,14828714_1080_1920_30fps,,day
labeling_set/14828714_1080_1920_30fps/frame_000000_vehicle_9.jpg,14828714_1080_1920_30fps,,day
labeling_set/14828714_1080_1920_30fps/frame_000015_vehicle_0.jpg,14828714_1080_1920_30fps,,day
labeling_set/14828714_1080_1920_30fps/frame_000015_vehicle_1.jpg,14828714_1080_1920_30fps,,"day,straight"
labeling_set/14828714_1080_1920_30fps/frame_000015_vehicle_10.jpg,14828714_1080_1920_30fps,,day
labeling_set/14828714_1080_1920_30fps/frame_000015_vehicle_11.jpg,14828714_1080_1920_30fps,,"day,angled"
labeling_set/14828714_1080_1920_30fps/frame_000015_vehicle_12.jpg,14828714_1080_1920_30fps,,"day,motion_blur"
labeling_set/14828714_1080_1920_30fps/frame_000015_vehicle_13.jpg,14828714_1080_1920_30fps,,day
labeling_set/14828714_1080_1920_30fps/frame_000015_vehicle_14.jpg,14828714_1080_1920_30fps,,day
labeling_set/14828714_1080_1920_30fps/frame_000015_vehicle_15.jpg,14828714_1080_1920_30fps,,day
labeling_set/14828714_1080_1920_30fps/frame_000015_vehicle_16.jpg,14828714_1080_1920_30fps,,day
labeling_set/14828714_1080_1920_30fps/frame_000015_vehicle_17.jpg,14828714_1080_1920_30fps,,day
labeling_set/14828714_1080_1920_30fps/frame_000015_vehicle_18.jpg,14828714_1080_1920_30fps,,day
labeling_set/14828714_1080_1920_30fps/frame_000015_vehicle_3.jpg,14828714_1080_1920_30fps,,day
labeling_set/14828714_1080_1920_30fps/frame_000015_vehicle_4.jpg,14828714_1080_1920_30fps,,day
labeling_set/14828714_1080_1920_30fps/frame_000015_vehicle_5.jpg,14828714_1080_1920_30fps,,day
labeling_set/14828714_1080_1920_30fps/frame_000015_vehicle_6.jpg,14828714_1080_1920_30fps,,day
labeling_set/14828714_1080_1920_30fps/frame_000015_vehicle_7.jpg,14828714_1080_1920_30fps,,day
labeling_set/14828714_1080_1920_30fps/frame_000015_vehicle_8.jpg,14828714_1080_1920_30fps,,"day,motion_blur"
labeling_set/14828714_1080_1920_30fps/frame_000015_vehicle_9.jpg,14828714_1080_1920_30fps,DL11CB1128,"day,motion_blur"
labeling_set/14828714_1080_1920_30fps/frame_000030_vehicle_0.jpg,14828714_1080_1920_30fps,,day
labeling_set/14828714_1080_1920_30fps/frame_000030_vehicle_1.jpg,14828714_1080_1920_30fps,,day
labeling_set/14828714_1080_1920_30fps/frame_000030_vehicle_10.jpg,14828714_1080_1920_30fps,,day
labeling_set/14828714_1080_1920_30fps/frame_000030_vehicle_11.jpg,14828714_1080_1920_30fps,,day
labeling_set/14955798_2160_3840_30fps (1)/frame_000000_vehicle_0.jpg,14955798_2160_3840_30fps (1),DL,"day,motion_blur"
labeling_set/14955798_2160_3840_30fps (1)/frame_000000_vehicle_2.jpg,14955798_2160_3840_30fps (1),PB12B6725,"day,straight"
labeling_set/14955798_2160_3840_30fps (1)/frame_000000_vehicle_3.jpg,14955798_2160_3840_30fps (1),,"day,two_line"
labeling_set/14955798_2160_3840_30fps (1)/frame_000000_vehicle_5.jpg,14955798_2160_3840_30fps (1),,day
labeling_set/14955798_2160_3840_30fps (1)/frame_000015_vehicle_1.jpg,14955798_2160_3840_30fps (1),HR12U5208,day
labeling_set/14955798_2160_3840_30fps (1)/frame_000015_vehicle_2.jpg,14955798_2160_3840_30fps (1),,
labeling_set/14955798_2160_3840_30fps (1)/frame_000015_vehicle_3.jpg,14955798_2160_3840_30fps (1),,day
labeling_set/14955798_2160_3840_30fps (1)/frame_000015_vehicle_4.jpg,14955798_2160_3840_30fps (1),,day
labeling_set/14955798_2160_3840_30fps (1)/frame_000015_vehicle_5.jpg,14955798_2160_3840_30fps (1),,day
labeling_set/14955798_2160_3840_30fps (1)/frame_000030_vehicle_0.jpg,14955798_2160_3840_30fps (1),HR12U6706,"day,clear,straight"
labeling_set/14955798_2160_3840_30fps (1)/frame_000030_vehicle_2.jpg,14955798_2160_3840_30fps (1),,day
labeling_set/14955798_2160_3840_30fps (1)/frame_000030_vehicle_3.jpg,14955798_2160_3840_30fps (1),,day
labeling_set/14955798_2160_3840_30fps (1)/frame_000030_vehicle_4.jpg,14955798_2160_3840_30fps (1),,day
labeling_set/14955798_2160_3840_30fps (1)/frame_000030_vehicle_5.jpg,14955798_2160_3840_30fps (1),,day
labeling_set/14955798_2160_3840_30fps (1)/frame_000030_vehicle_6.jpg,14955798_2160_3840_30fps (1),,day
labeling_set/14955798_2160_3840_30fps (1)/frame_000045_vehicle_1.jpg,14955798_2160_3840_30fps (1),,day
labeling_set/14955798_2160_3840_30fps (1)/frame_000045_vehicle_2.jpg,14955798_2160_3840_30fps (1),,day
labeling_set/14955798_2160_3840_30fps (1)/frame_000045_vehicle_3.jpg,14955798_2160_3840_30fps (1),,day
labeling_set/14955798_2160_3840_30fps (1)/frame_000045_vehicle_4.jpg,14955798_2160_3840_30fps (1),,day
labeling_set/14955798_2160_3840_30fps (1)/frame_000060_vehicle_0.jpg,14955798_2160_3840_30fps (1),DL9CBF1947,day
labeling_set/14955798_2160_3840_30fps (1)/frame_000060_vehicle_1.jpg,14955798_2160_3840_30fps (1),,day
labeling_set/14955798_2160_3840_30fps (1)/frame_000075_vehicle_0.jpg,14955798_2160_3840_30fps (1),DL9CBF1947,"day,straight"
labeling_set/14955798_2160_3840_30fps (1)/frame_000075_vehicle_1.jpg,14955798_2160_3840_30fps (1),,day
labeling_set/14955798_2160_3840_30fps (1)/frame_000075_vehicle_2.jpg,14955798_2160_3840_30fps (1),,day
labeling_set/14955798_2160_3840_30fps (1)/frame_000090_vehicle_1.jpg,14955798_2160_3840_30fps (1),,day
labeling_set/14955798_2160_3840_30fps (1)/frame_000090_vehicle_4.jpg,14955798_2160_3840_30fps (1),,
labeling_set/14955798_2160_3840_30fps (1)/frame_000105_vehicle_0.jpg,14955798_2160_3840_30fps (1),,"day,two_line"
labeling_set/14955798_2160_3840_30fps (1)/frame_000105_vehicle_2.jpg,14955798_2160_3840_30fps (1),,day
labeling_set/14955798_2160_3840_30fps (1)/frame_000105_vehicle_9.jpg,14955798_2160_3840_30fps (1),,day
labeling_set/14955798_2160_3840_30fps (1)/frame_000120_vehicle_0.jpg,14955798_2160_3840_30fps (1),,day
labeling_set/14955798_2160_3840_30fps (1)/frame_000120_vehicle_2.jpg,14955798_2160_3840_30fps (1),,"day,motion_blur"
labeling_set/14955798_2160_3840_30fps (1)/frame_000120_vehicle_4.jpg,14955798_2160_3840_30fps (1),,day
labeling_set/14955798_2160_3840_30fps (1)/frame_000135_vehicle_0.jpg,14955798_2160_3840_30fps (1),,"day,motion_blur"
labeling_set/14955798_2160_3840_30fps (1)/frame_000135_vehicle_1.jpg,14955798_2160_3840_30fps (1),,"day,motion_blur"
labeling_set/14955798_2160_3840_30fps (1)/frame_000150_vehicle_1.jpg,14955798_2160_3840_30fps (1),,day
labeling_set/14955798_2160_3840_30fps (1)/frame_000150_vehicle_5.jpg,14955798_2160_3840_30fps (1),,day
labeling_set/14955798_2160_3840_30fps (1)/frame_000150_vehicle_7.jpg,14955798_2160_3840_30fps (1),,day
labeling_set/14955798_2160_3840_30fps (1)/frame_000165_vehicle_3.jpg,14955798_2160_3840_30fps (1),,day
labeling_set/14955798_2160_3840_30fps (1)/frame_000180_vehicle_3.jpg,14955798_2160_3840_30fps (1),,"day,motion_blur"
labeling_set/14955798_2160_3840_30fps (1)/frame_000180_vehicle_8.jpg,14955798_2160_3840_30fps (1),,day
labeling_set/15035712_2160_3840_30fps/frame_000000_plate_0.jpg,15035712_2160_3840_30fps,DL5CU7802,"day,straight"
labeling_set/15035712_2160_3840_30fps/frame_000000_vehicle_0.jpg,15035712_2160_3840_30fps,DL5CU7802,day
labeling_set/15035712_2160_3840_30fps/frame_000000_vehicle_1.jpg,15035712_2160_3840_30fps,,day
labeling_set/15035712_2160_3840_30fps/frame_000000_vehicle_10.jpg,15035712_2160_3840_30fps,,day
labeling_set/15035712_2160_3840_30fps/frame_000000_vehicle_11.jpg,15035712_2160_3840_30fps,,day
labeling_set/15035712_2160_3840_30fps/frame_000000_vehicle_12.jpg,15035712_2160_3840_30fps,,day
labeling_set/15035712_2160_3840_30fps/frame_000000_vehicle_13.jpg,15035712_2160_3840_30fps,,day
labeling_set/15035712_2160_3840_30fps/frame_000000_vehicle_14.jpg,15035712_2160_3840_30fps,,day
labeling_set/15035712_2160_3840_30fps/frame_000000_vehicle_15.jpg,15035712_2160_3840_30fps,,day
labeling_set/15035712_2160_3840_30fps/frame_000000_vehicle_16.jpg,15035712_2160_3840_30fps,,day
labeling_set/15035712_2160_3840_30fps/frame_000000_vehicle_17.jpg,15035712_2160_3840_30fps,,day
labeling_set/15035712_2160_3840_30fps/frame_000000_vehicle_18.jpg,15035712_2160_3840_30fps,,day
labeling_set/15035712_2160_3840_30fps/frame_000000_vehicle_2.jpg,15035712_2160_3840_30fps,,day
labeling_set/15035712_2160_3840_30fps/frame_000000_vehicle_3.jpg,15035712_2160_3840_30fps,,day
labeling_set/15035712_2160_3840_30fps/frame_000000_vehicle_4.jpg,15035712_2160_3840_30fps,,day
labeling_set/15035712_2160_3840_30fps/frame_000000_vehicle_6.jpg,15035712_2160_3840_30fps,,day
labeling_set/15035712_2160_3840_30fps/frame_000000_vehicle_7.jpg,15035712_2160_3840_30fps,,day
labeling_set/15035712_2160_3840_30fps/frame_000000_vehicle_8.jpg,15035712_2160_3840_30fps,,day
labeling_set/15035712_2160_3840_30fps/frame_000015_plate_0.jpg,15035712_2160_3840_30fps,,"day,angled"
labeling_set/15035712_2160_3840_30fps/frame_000015_plate_1.jpg,15035712_2160_3840_30fps,,"day,clear"
labeling_set/15035712_2160_3840_30fps/frame_000015_plate_2.jpg,15035712_2160_3840_30fps,,"day,clear,angled"
labeling_set/15035712_2160_3840_30fps/frame_000015_vehicle_0.jpg,15035712_2160_3840_30fps,,"day,angled"
labeling_set/15035712_2160_3840_30fps/frame_000015_vehicle_1.jpg,15035712_2160_3840_30fps,DL14CE2734,"day,motion_blur"
labeling_set/15035712_2160_3840_30fps/frame_000015_vehicle_12.jpg,15035712_2160_3840_30fps,,day
labeling_set/15035712_2160_3840_30fps/frame_000015_vehicle_14.jpg,15035712_2160_3840_30fps,,day
labeling_set/15035712_2160_3840_30fps/frame_000015_vehicle_15.jpg,15035712_2160_3840_30fps,,"day,angled"
labeling_set/15035712_2160_3840_30fps/frame_000015_vehicle_16.jpg,15035712_2160_3840_30fps,,day
labeling_set/15035712_2160_3840_30fps/frame_000015_vehicle_17.jpg,15035712_2160_3840_30fps,,day
labeling_set/15035712_2160_3840_30fps/frame_000015_vehicle_2.jpg,15035712_2160_3840_30fps,,day
labeling_set/15035712_2160_3840_30fps/frame_000015_vehicle_3.jpg,15035712_2160_3840_30fps,DL5CU7802,"day,straight,motion_blur"
labeling_set/15035712_2160_3840_30fps/frame_000015_vehicle_4.jpg,15035712_2160_3840_30fps,,day
labeling_set/15035712_2160_3840_30fps/frame_000015_vehicle_5.jpg,15035712_2160_3840_30fps,,day
labeling_set/15035712_2160_3840_30fps/frame_000015_vehicle_6.jpg,15035712_2160_3840_30fps,,"day,straight"
labeling_set/15035712_2160_3840_30fps/frame_000015_vehicle_7.jpg,15035712_2160_3840_30fps,,"day,clear,angled"
labeling_set/15035712_2160_3840_30fps/frame_000015_vehicle_8.jpg,15035712_2160_3840_30fps,,day
labeling_set/15035712_2160_3840_30fps/frame_000015_vehicle_9.jpg,15035712_2160_3840_30fps,,day
labeling_set/15035712_2160_3840_30fps/frame_000030_plate_0.jpg,15035712_2160_3840_30fps,DL5CU7802,"day,clear,straight,motion_blur"
labeling_set/15035712_2160_3840_30fps/frame_000030_vehicle_1.jpg,15035712_2160_3840_30fps,,"day,clear,angled,motion_blur"
labeling_set/15035712_2160_3840_30fps/frame_000030_vehicle_10.jpg,15035712_2160_3840_30fps,,day
labeling_set/15035712_2160_3840_30fps/frame_000030_vehicle_11.jpg,15035712_2160_3840_30fps,,day
labeling_set/15040621_2160_3840_30fps/frame_000000_vehicle_0.jpg,15040621_2160_3840_30fps,,day
labeling_set/15040621_2160_3840_30fps/frame_000000_vehicle_10.jpg,15040621_2160_3840_30fps,,day
labeling_set/15040621_2160_3840_30fps/frame_000000_vehicle_11.jpg,15040621_2160_3840_30fps,DL1BTCR2602,"day,clear,straight,motion_blur"
labeling_set/15040621_2160_3840_30fps/frame_000000_vehicle_13.jpg,15040621_2160_3840_30fps,,day
labeling_set/15040621_2160_3840_30fps/frame_000000_vehicle_14.jpg,15040621_2160_3840_30fps,,day
labeling_set/15040621_2160_3840_30fps/frame_000000_vehicle_15.jpg,15040621_2160_3840_30fps,,day
labeling_set/15040621_2160_3840_30fps/frame_000000_vehicle_16.jpg,15040621_2160_3840_30fps,,day
labeling_set/15040621_2160_3840_30fps/frame_000000_vehicle_18.jpg,15040621_2160_3840_30fps,,day
labeling_set/15040621_2160_3840_30fps/frame_000000_vehicle_20.jpg,15040621_2160_3840_30fps,UP144T6268,"day,straight,motion_blur"
labeling_set/15040621_2160_3840_30fps/frame_000000_vehicle_21.jpg,15040621_2160_3840_30fps,,day
labeling_set/15040621_2160_3840_30fps/frame_000000_vehicle_3.jpg,15040621_2160_3840_30fps,,day
labeling_set/15040621_2160_3840_30fps/frame_000000_vehicle_5.jpg,15040621_2160_3840_30fps,,"day,straight,motion_blur"
labeling_set/15040621_2160_3840_30fps/frame_000000_vehicle_7.jpg,15040621_2160_3840_30fps,,day
labeling_set/15040621_2160_3840_30fps/frame_000000_vehicle_8.jpg,15040621_2160_3840_30fps,,"day,motion_blur"
labeling_set/15040621_2160_3840_30fps/frame_000000_vehicle_9.jpg,15040621_2160_3840_30fps,,day
labeling_set/15040621_2160_3840_30fps/frame_000015_vehicle_0.jpg,15040621_2160_3840_30fps,,day
labeling_set/15040621_2160_3840_30fps/frame_000015_vehicle_1.jpg,15040621_2160_3840_30fps,,day
labeling_set/15040621_2160_3840_30fps/frame_000015_vehicle_10.jpg,15040621_2160_3840_30fps,,day
labeling_set/15040621_2160_3840_30fps/frame_000015_vehicle_11.jpg,15040621_2160_3840_30fps,,day
labeling_set/15040621_2160_3840_30fps/frame_000015_vehicle_12.jpg,15040621_2160_3840_30fps,,day
labeling_set/15040621_2160_3840_30fps/frame_000015_vehicle_13.jpg,15040621_2160_3840_30fps,,day
labeling_set/15040621_2160_3840_30fps/frame_000015_vehicle_14.jpg,15040621_2160_3840_30fps,,day
labeling_set/15040621_2160_3840_30fps/frame_000015_vehicle_15.jpg,15040621_2160_3840_30fps,,day
labeling_set/15040621_2160_3840_30fps/frame_000015_vehicle_16.jpg,15040621_2160_3840_30fps,,day
labeling_set/15040621_2160_3840_30fps/frame_000015_vehicle_17.jpg,15040621_2160_3840_30fps,,day
labeling_set/15040621_2160_3840_30fps/frame_000015_vehicle_18.jpg,15040621_2160_3840_30fps,,day
labeling_set/15040621_2160_3840_30fps/frame_000015_vehicle_19.jpg,15040621_2160_3840_30fps,,day
labeling_set/15040621_2160_3840_30fps/frame_000015_vehicle_20.jpg,15040621_2160_3840_30fps,,day
labeling_set/15040621_2160_3840_30fps/frame_000015_vehicle_21.jpg,15040621_2160_3840_30fps,,day
labeling_set/15040621_2160_3840_30fps/frame_000015_vehicle_5.jpg,15040621_2160_3840_30fps,DL1RTCB262,"day,motion_blur"
labeling_set/15040621_2160_3840_30fps/frame_000015_vehicle_7.jpg,15040621_2160_3840_30fps,UP146T4846,"day,motion_blur"
labeling_set/15040621_2160_3840_30fps/frame_000030_vehicle_0.jpg,15040621_2160_3840_30fps,,day
labeling_set/15040621_2160_3840_30fps/frame_000030_vehicle_1.jpg,15040621_2160_3840_30fps,,day
labeling_set/15040621_2160_3840_30fps/frame_000030_vehicle_10.jpg,15040621_2160_3840_30fps,,day
labeling_set/15040621_2160_3840_30fps/frame_000030_vehicle_11.jpg,15040621_2160_3840_30fps,,day
labeling_set/15040621_2160_3840_30fps/frame_000030_vehicle_13.jpg,15040621_2160_3840_30fps,,day
labeling_set/15040621_2160_3840_30fps/frame_000030_vehicle_14.jpg,15040621_2160_3840_30fps,DL1RTC8260,"day,clear"
labeling_set/15040621_2160_3840_30fps/frame_000030_vehicle_15.jpg,15040621_2160_3840_30fps,,day
labeling_set/15040621_2160_3840_30fps/frame_000030_vehicle_16.jpg,15040621_2160_3840_30fps,,day
labeling_set/15040621_2160_3840_30fps/frame_000030_vehicle_17.jpg,15040621_2160_3840_30fps,,day
labeling_set/15081361_2160_3840_30fps/frame_000000_vehicle_0.jpg,15081361_2160_3840_30fps,,day
labeling_set/15081361_2160_3840_30fps/frame_000000_vehicle_2.jpg,15081361_2160_3840_30fps,,day
labeling_set/15081361_2160_3840_30fps/frame_000000_vehicle_3.jpg,15081361_2160_3840_30fps,,day
labeling_set/15081361_2160_3840_30fps/frame_000015_vehicle_1.jpg,15081361_2160_3840_30fps,,day
labeling_set/15081361_2160_3840_30fps/frame_000015_vehicle_2.jpg,15081361_2160_3840_30fps,,day
labeling_set/15081361_2160_3840_30fps/frame_000015_vehicle_3.jpg,15081361_2160_3840_30fps,,day
labeling_set/15081361_2160_3840_30fps/frame_000030_vehicle_1.jpg,15081361_2160_3840_30fps,,"day,angled"
labeling_set/15081361_2160_3840_30fps/frame_000030_vehicle_3.jpg,15081361_2160_3840_30fps,,day
labeling_set/15081361_2160_3840_30fps/frame_000030_vehicle_4.jpg,15081361_2160_3840_30fps,,day
labeling_set/15081361_2160_3840_30fps/frame_000045_vehicle_0.jpg,15081361_2160_3840_30fps,,day
labeling_set/15081361_2160_3840_30fps/frame_000045_vehicle_1.jpg,15081361_2160_3840_30fps,DL5CN8169,"day,clear,straight"
labeling_set/15081361_2160_3840_30fps/frame_000045_vehicle_2.jpg,15081361_2160_3840_30fps,,day
labeling_set/15081361_2160_3840_30fps/frame_000045_vehicle_4.jpg,15081361_2160_3840_30fps,,day
labeling_set/15081361_2160_3840_30fps/frame_000045_vehicle_6.jpg,15081361_2160_3840_30fps,,day
labeling_set/15081361_2160_3840_30fps/frame_000060_plate_0.jpg,15081361_2160_3840_30fps,DL5SBF9549,"day,clear,straight"
labeling_set/15081361_2160_3840_30fps/frame_000075_vehicle_1.jpg,15081361_2160_3840_30fps,,day
labeling_set/15081361_2160_3840_30fps/frame_000075_vehicle_2.jpg,15081361_2160_3840_30fps,DL5SBF9549,"day,clear,straight"
labeling_set/15081361_2160_3840_30fps/frame_000090_vehicle_1.jpg,15081361_2160_3840_30fps,DL5SBF9549,"day,clear"
labeling_set/15081361_2160_3840_30fps/frame_000090_vehicle_2.jpg,15081361_2160_3840_30fps,,day
labeling_set/15081361_2160_3840_30fps/frame_000105_vehicle_2.jpg,15081361_2160_3840_30fps,,"day,motion_blur"
labeling_set/15081361_2160_3840_30fps/frame_000105_vehicle_3.jpg,15081361_2160_3840_30fps,,"day,angled,motion_blur"
labeling_set/15081361_2160_3840_30fps/frame_000105_vehicle_7.jpg,15081361_2160_3840_30fps,,day
labeling_set/15081361_2160_3840_30fps/frame_000120_vehicle_1.jpg,15081361_2160_3840_30fps,DL6SAL1955,"day,clear,straight"
labeling_set/15081361_2160_3840_30fps/frame_000120_vehicle_10.jpg,15081361_2160_3840_30fps,,day
labeling_set/15081361_2160_3840_30fps/frame_000120_vehicle_2.jpg,15081361_2160_3840_30fps,,"day,angled"
labeling_set/15081361_2160_3840_30fps/frame_000120_vehicle_3.jpg,15081361_2160_3840_30fps,,day
labeling_set/15081361_2160_3840_30fps/frame_000120_vehicle_6.jpg,15081361_2160_3840_30fps,,"day,clear,angled"
labeling_set/15081361_2160_3840_30fps/frame_000120_vehicle_7.jpg,15081361_2160_3840_30fps,,day
labeling_set/15081361_2160_3840_30fps/frame_000120_vehicle_9.jpg,15081361_2160_3840_30fps,,"day,angled"
labeling_set/15081361_2160_3840_30fps/frame_000135_vehicle_2.jpg,15081361_2160_3840_30fps,,"day,angled"
labeling_set/15081361_2160_3840_30fps/frame_000135_vehicle_5.jpg,15081361_2160_3840_30fps,DL6SAL1955,"day,clear,straight"
labeling_set/15081361_2160_3840_30fps/frame_000135_vehicle_7.jpg,15081361_2160_3840_30fps,,day
labeling_set/15081361_2160_3840_30fps/frame_000135_vehicle_8.jpg,15081361_2160_3840_30fps,,"day,angled"
labeling_set/15081361_2160_3840_30fps/frame_000150_vehicle_3.jpg,15081361_2160_3840_30fps,,"day,angled"
labeling_set/15081361_2160_3840_30fps/frame_000150_vehicle_5.jpg,15081361_2160_3840_30fps,,"day,clear,straight"
labeling_set/15081361_2160_3840_30fps/frame_000150_vehicle_9.jpg,15081361_2160_3840_30fps,DL6SAL1955,"day,clear,straight"
labeling_set/15081361_2160_3840_30fps/frame_000165_vehicle_10.jpg,15081361_2160_3840_30fps,HS 3172,"day,clear,straight"
labeling_set/15081361_2160_3840_30fps/frame_000165_vehicle_2.jpg,15081361_2160_3840_30fps,DL7SCV9013,"day,clear,straight"
labeling_set/15081361_2160_3840_30fps/frame_000165_vehicle_4.jpg,15081361_2160_3840_30fps,DL6SAL1955,"day,motion_blur"
labeling_set/15081361_2160_3840_30fps/frame_000165_vehicle_5.jpg,15081361_2160_3840_30fps,HS3172,"day,motion_blur"
labeling_set/15175704_2160_3840_30fps (1)/frame_000000_vehicle_7.jpg,15175704_2160_3840_30fps (1),,"night,motion_blur"
labeling_set/15175704_2160_3840_30fps (1)/frame_000000_vehicle_8.jpg,15175704_2160_3840_30fps (1),,night
labeling_set/15175704_2160_3840_30fps (1)/frame_000028_vehicle_3.jpg,15175704_2160_3840_30fps (1),,"night,angled"
labeling_set/15175704_2160_3840_30fps (1)/frame_000028_vehicle_4.jpg,15175704_2160_3840_30fps (1),,"night,angled"
labeling_set/15175704_2160_3840_30fps (1)/frame_000056_vehicle_3.jpg,15175704_2160_3840_30fps (1),,"night,angled,motion_blur"
labeling_set/15175704_2160_3840_30fps (1)/frame_000070_vehicle_3.jpg,15175704_2160_3840_30fps (1),,"night,motion_blur"
labeling_set/15175704_2160_3840_30fps (1)/frame_000084_vehicle_6.jpg,15175704_2160_3840_30fps (1),,"night,motion_blur"
labeling_set/15175704_2160_3840_30fps (1)/frame_000112_vehicle_4.jpg,15175704_2160_3840_30fps (1),,night
labeling_set/15175704_2160_3840_30fps (1)/frame_000126_vehicle_5.jpg,15175704_2160_3840_30fps (1),,"night,motion_blur"
labeling_set/15175704_2160_3840_30fps (1)/frame_000140_vehicle_1.jpg,15175704_2160_3840_30fps (1),,"night,motion_blur"
labeling_set/15175704_2160_3840_30fps (1)/frame_000168_vehicle_3.jpg,15175704_2160_3840_30fps (1),,night
labeling_set/15175704_2160_3840_30fps (1)/frame_000196_vehicle_1.jpg,15175704_2160_3840_30fps (1),,night
labeling_set/15238268_2160_3840_30fps/frame_000014_plate_0.jpg,15238268_2160_3840_30fps,PB54H0997,"night,clear,straight"
labeling_set/15238268_2160_3840_30fps/frame_000028_plate_0.jpg,15238268_2160_3840_30fps,PB54H0997,"night,clear,straight"
labeling_set/15238268_2160_3840_30fps/frame_000056_plate_0.jpg,15238268_2160_3840_30fps,PB54H0997,"night,clear,straight"
labeling_set/15238268_2160_3840_30fps/frame_000070_plate_0.jpg,15238268_2160_3840_30fps,PB54H0997,"day,clear,straight"
labeling_set/15238268_2160_3840_30fps/frame_000112_vehicle_4.jpg,15238268_2160_3840_30fps,HR03AE8034,"day,clear,straight"
labeling_set/15238268_2160_3840_30fps/frame_000126_plate_0.jpg,15238268_2160_3840_30fps,CH01CS6905,"day,clear,straight"
labeling_set/15238268_2160_3840_30fps/frame_000140_plate_0.jpg,15238268_2160_3840_30fps,CH01CS6905,"day,clear,straight"
labeling_set/15238268_2160_3840_30fps/frame_000154_plate_0.jpg,15238268_2160_3840_30fps,CH01CS6905,"day,clear,straight"
labeling_set/15238268_2160_3840_30fps/frame_000168_plate_0.jpg,15238268_2160_3840_30fps,CH01CS6905,"day,clear,straight"
labeling_set/15238268_2160_3840_30fps/frame_000182_plate_0.jpg,15238268_2160_3840_30fps,CH01CS6905,"day,clear,straight"
labeling_set/15238268_2160_3840_30fps/frame_000308_plate_0.jpg,15238268_2160_3840_30fps,CH01CM3475,"day,clear,straight"
labeling_set/15238268_2160_3840_30fps/frame_000322_plate_0.jpg,15238268_2160_3840_30fps,CH01CH9193,"day,clear,straight"
labeling_set/15238268_2160_3840_30fps/frame_000336_plate_0.jpg,15238268_2160_3840_30fps,CH01CH9193,"day,clear,straight"
labeling_set/15238268_2160_3840_30fps/frame_000336_vehicle_3.jpg,15238268_2160_3840_30fps,UP70DR3192,"day,motion_blur"
labeling_set/15238268_2160_3840_30fps/frame_000350_plate_0.jpg,15238268_2160_3840_30fps,CH01CH9193,"day,clear,straight"
labeling_set/15238268_2160_3840_30fps/frame_000350_vehicle_6.jpg,15238268_2160_3840_30fps,UP70OR3192,"day,straight,motion_blur"
labeling_set/15238268_2160_3840_30fps/frame_000364_vehicle_7.jpg,15238268_2160_3840_30fps,UP70DR3102,"day,straight,motion_blur"
labeling_set/15238268_2160_3840_30fps/frame_000378_vehicle_5.jpg,15238268_2160_3840_30fps,,"day,straight,motion_blur"
labeling_set/15238268_2160_3840_30fps/frame_000392_vehicle_7.jpg,15238268_2160_3840_30fps,,"day,straight,motion_blur"
labeling_set/15238268_2160_3840_30fps/frame_000462_plate_1.jpg,15238268_2160_3840_30fps,24BH8135G,"day,clear,straight"
labeling_set/15238268_2160_3840_30fps/frame_000476_plate_1.jpg,15238268_2160_3840_30fps,24BH8135G,"day,clear,straight"
labeling_set/15238268_2160_3840_30fps/frame_000490_plate_0.jpg,15238268_2160_3840_30fps,PB10JR9976,"day,clear,straight"
labeling_set/15238268_2160_3840_30fps/frame_000504_plate_0.jpg,15238268_2160_3840_30fps,PB10JR9976,"day,clear,straight"
labeling_set/15238268_2160_3840_30fps/frame_000532_plate_0.jpg,15238268_2160_3840_30fps,CH01BB9805,"day,clear,straight"
labeling_set/15238268_2160_3840_30fps/frame_000546_plate_0.jpg,15238268_2160_3840_30fps,CH01BB9805,"day,clear,straight"
labeling_set/15238268_2160_3840_30fps/frame_000560_plate_0.jpg,15238268_2160_3840_30fps,CH01BB9805,"day,clear,straight"
labeling_set/15238268_2160_3840_30fps/frame_000616_plate_0.jpg,15238268_2160_3840_30fps,HR03V0440,"day,clear,straight"
labeling_set/15238268_2160_3840_30fps/frame_000630_plate_0.jpg,15238268_2160_3840_30fps,HR03V0440,"day,clear,straight"
labeling_set/16245444_3840_2160_58fps/frame_000000_vehicle_10.jpg,16245444_3840_2160_58fps,,"day,motion_blur"
labeling_set/16245444_3840_2160_58fps/frame_000000_vehicle_8.jpg,16245444_3840_2160_58fps,,day
labeling_set/16245444_3840_2160_58fps/frame_000000_vehicle_9.jpg,16245444_3840_2160_58fps,,day
labeling_set/16245444_3840_2160_58fps/frame_000029_vehicle_2.jpg,16245444_3840_2160_58fps,,day
labeling_set/16245444_3840_2160_58fps/frame_000058_vehicle_6.jpg,16245444_3840_2160_58fps,,day
labeling_set/16245444_3840_2160_58fps/frame_000406_vehicle_4.jpg,16245444_3840_2160_58fps,,"day,motion_blur"
labeling_set/16245444_3840_2160_58fps/frame_000841_vehicle_8.jpg,16245444_3840_2160_58fps,,day
labeling_set/16245444_3840_2160_58fps/frame_000870_vehicle_1.jpg,16245444_3840_2160_58fps,,day
labeling_set/16245444_3840_2160_58fps/frame_000899_vehicle_1.jpg,16245444_3840_2160_58fps,,day
labeling_set/9481662-uhd_3840_2160_24fps/frame_000110_vehicle_5.jpg,9481662-uhd_3840_2160_24fps,,night
labeling_set/9481662-uhd_3840_2160_24fps/frame_000110_vehicle_8.jpg,9481662-uhd_3840_2160_24fps,,night
labeling_set/9481662-uhd_3840_2160_24fps/frame_000143_vehicle_2.jpg,9481662-uhd_3840_2160_24fps,,"night,motion_blur"
labeling_set/9481662-uhd_3840_2160_24fps/frame_000143_vehicle_4.jpg,9481662-uhd_3840_2160_24fps,,night
labeling_set/9481662-uhd_3840_2160_24fps/frame_000143_vehicle_5.jpg,9481662-uhd_3840_2160_24fps,,"night,motion_blur"
labeling_set/9481662-uhd_3840_2160_24fps/frame_000187_vehicle_3.jpg,9481662-uhd_3840_2160_24fps,,"day,straight"
