image_path,predicted_text,confidence
data/crops/13796220_2160_3840_25fps/9/frame_000470.jpg,CHOTKGG11,0.9160485863685608
data/crops/13796220_2160_3840_25fps/9/frame_000510.jpg,,0.0
data/crops/13796220_2160_3840_25fps/9/frame_000505.jpg,,0.0
data/crops/13796220_2160_3840_25fps/9/frame_000465.jpg,CHQTA06117,0.7411156892776489
data/crops/13796220_2160_3840_25fps/9/frame_000515.jpg,,0.0
data/crops/13796220_2160_3840_25fps/9/frame_000500.jpg,国,0.21434956789016724
data/crops/13796220_2160_3840_25fps/9/frame_000460.jpg,CHD1A0G11,0.8173522353172302
data/crops/13796220_2160_3840_25fps/9/frame_000305.jpg,,0.0
data/crops/13796220_2160_3840_25fps/9/frame_000410.jpg,3111,0.5420901775360107
data/crops/13796220_2160_3840_25fps/9/frame_000405.jpg,,0.0
data/crops/13796220_2160_3840_25fps/9/frame_000370.jpg,,0.0
data/crops/13796220_2160_3840_25fps/9/frame_000415.jpg,0,0.1777973771095276
data/crops/13796220_2160_3840_25fps/9/frame_000425.jpg,,0.0
data/crops/13796220_2160_3840_25fps/9/frame_000395.jpg,,0.0
data/crops/13796220_2160_3840_25fps/9/frame_000430.jpg,,0.0
data/crops/13796220_2160_3840_25fps/9/frame_000340.jpg,,0.0
data/crops/13796220_2160_3840_25fps/9/frame_000355.jpg,,0.0
data/crops/13796220_2160_3840_25fps/9/frame_000420.jpg,,0.0
data/crops/13796220_2160_3840_25fps/9/frame_000435.jpg,(28115611),0.7621005177497864
data/crops/13796220_2160_3840_25fps/9/frame_000485.jpg,,0.0
data/crops/13796220_2160_3840_25fps/9/frame_000240.jpg,,0.0
data/crops/13796220_2160_3840_25fps/9/frame_000490.jpg,7,0.5933677554130554
data/crops/13796220_2160_3840_25fps/9/frame_000525.jpg,,0.0
data/crops/13796220_2160_3840_25fps/9/frame_000530.jpg,,0.0
data/crops/13796220_2160_3840_25fps/9/frame_000450.jpg,CMOTA0G11,0.785203218460083
data/crops/13796220_2160_3840_25fps/9/frame_000440.jpg,CH01A0611,0.7349658012390137
data/crops/13796220_2160_3840_25fps/9/frame_000520.jpg,,0.0
data/crops/13796220_2160_3840_25fps/9/frame_000455.jpg,CHOTAOGI7,0.7222549319267273
data/crops/13796220_2160_3840_25fps/9/frame_000480.jpg,(1190116m),0.8070179224014282
data/crops/13796220_2160_3840_25fps/9/frame_000495.jpg,(e9115611,0.7826715707778931
data/crops/13796220_2160_3840_25fps/9/frame_000330.jpg,,0.0
data/crops/13796220_2160_3840_25fps/1/frame_000015.jpg,DOS11BION),0.6017455458641052
data/crops/13796220_2160_3840_25fps/1/frame_000005.jpg,行,0.09298142045736313
data/crops/13796220_2160_3840_25fps/1/frame_000010.jpg,,0.0
data/crops/13796220_2160_3840_25fps/1/frame_000020.jpg,,0.0
data/crops/13796220_2160_3840_25fps/1/frame_000030.jpg,CHRO171800,0.7971935272216797
data/crops/13796220_2160_3840_25fps/1/frame_000025.jpg,,0.0
data/crops/13796220_2160_3840_25fps/1/frame_000055.jpg,,0.0
data/crops/13796220_2160_3840_25fps/1/frame_000040.jpg,,0.0
data/crops/13796220_2160_3840_25fps/1/frame_000045.jpg,,0.0
data/crops/13796220_2160_3840_25fps/19/frame_000465.jpg,,0.0
data/crops/13796220_2160_3840_25fps/23/frame_000555.jpg,,0.0
data/crops/13796220_2160_3840_25fps/4/frame_000315.jpg,,0.0
data/crops/13796220_2160_3840_25fps/4/frame_000275.jpg,,0.0
data/crops/13796220_2160_3840_25fps/4/frame_000260.jpg,,0.0
data/crops/13796220_2160_3840_25fps/4/frame_000300.jpg,,0.0
data/crops/13796220_2160_3840_25fps/4/frame_000100.jpg,,0.0
data/crops/13796220_2160_3840_25fps/4/frame_000310.jpg,,0.0
data/crops/13796220_2160_3840_25fps/4/frame_000265.jpg,,0.0
data/crops/13796220_2160_3840_25fps/4/frame_000305.jpg,,0.0
data/crops/13796220_2160_3840_25fps/4/frame_000160.jpg,,0.0
data/crops/13796220_2160_3840_25fps/4/frame_000410.jpg,2,0.27136844396591187
data/crops/13796220_2160_3840_25fps/4/frame_000570.jpg,,0.0
data/crops/13796220_2160_3840_25fps/4/frame_000000.jpg,,0.0
data/crops/13796220_2160_3840_25fps/4/frame_000015.jpg,,0.0
data/crops/13796220_2160_3840_25fps/4/frame_000375.jpg,,0.0
data/crops/13796220_2160_3840_25fps/4/frame_000215.jpg,,0.0
data/crops/13796220_2160_3840_25fps/4/frame_000370.jpg,,0.0
data/crops/13796220_2160_3840_25fps/4/frame_000210.jpg,,0.0
data/crops/13796220_2160_3840_25fps/4/frame_000205.jpg,,0.0
data/crops/13796220_2160_3840_25fps/4/frame_000415.jpg,,0.0
data/crops/13796220_2160_3840_25fps/4/frame_000575.jpg,,0.0
data/crops/13796220_2160_3840_25fps/4/frame_000005.jpg,,0.0
data/crops/13796220_2160_3840_25fps/4/frame_000560.jpg,,0.0
data/crops/13796220_2160_3840_25fps/4/frame_000400.jpg,,0.0
data/crops/13796220_2160_3840_25fps/4/frame_000155.jpg,,0.0
data/crops/13796220_2160_3840_25fps/4/frame_000380.jpg,,0.0
data/crops/13796220_2160_3840_25fps/4/frame_000550.jpg,,0.0
data/crops/13796220_2160_3840_25fps/4/frame_000195.jpg,,0.0
data/crops/13796220_2160_3840_25fps/4/frame_000340.jpg,R,0.18644042313098907
data/crops/13796220_2160_3840_25fps/4/frame_000580.jpg,,0.0
data/crops/13796220_2160_3840_25fps/4/frame_000150.jpg,,0.0
data/crops/13796220_2160_3840_25fps/4/frame_000420.jpg,,0.0
data/crops/13796220_2160_3840_25fps/4/frame_000385.jpg,,0.0
data/crops/13796220_2160_3840_25fps/4/frame_000025.jpg,,0.0
data/crops/13796220_2160_3840_25fps/4/frame_000555.jpg,,0.0
data/crops/13796220_2160_3840_25fps/4/frame_000390.jpg,,0.0
data/crops/13796220_2160_3840_25fps/4/frame_000435.jpg,,0.0
data/crops/13796220_2160_3840_25fps/4/frame_000320.jpg,,0.0
data/crops/13796220_2160_3840_25fps/4/frame_000240.jpg,,0.0
data/crops/13796220_2160_3840_25fps/4/frame_000335.jpg,,0.0
data/crops/13796220_2160_3840_25fps/4/frame_000280.jpg,,0.0
data/crops/13796220_2160_3840_25fps/4/frame_000040.jpg,,0.0
data/crops/13796220_2160_3840_25fps/4/frame_000295.jpg,,0.0
data/crops/13796220_2160_3840_25fps/4/frame_000450.jpg,,0.0
data/crops/13796220_2160_3840_25fps/4/frame_000130.jpg,,0.0
data/crops/13796220_2160_3840_25fps/4/frame_000050.jpg,,0.0
data/crops/13796220_2160_3840_25fps/4/frame_000045.jpg,,0.0
data/crops/13796220_2160_3840_25fps/4/frame_000290.jpg,,0.0
data/crops/13796220_2160_3840_25fps/4/frame_000535.jpg,,0.0
data/crops/13796220_2160_3840_25fps/4/frame_000455.jpg,7,0.36893948912620544
data/crops/13796220_2160_3840_25fps/4/frame_000245.jpg,,0.0
data/crops/13796220_2160_3840_25fps/4/frame_000330.jpg,2,0.4174569547176361
data/crops/13796220_2160_3840_25fps/3/frame_000075.jpg,2,0.42116421461105347
data/crops/13796220_2160_3840_25fps/3/frame_000115.jpg,店,0.21541240811347961
data/crops/13796220_2160_3840_25fps/3/frame_000105.jpg,中,0.7817055583000183
data/crops/13796220_2160_3840_25fps/3/frame_000160.jpg,PB0182005,0.8527214527130127
data/crops/13796220_2160_3840_25fps/3/frame_000000.jpg,2,0.3222401440143585
data/crops/13796220_2160_3840_25fps/3/frame_000175.jpg,6,0.24129824340343475
data/crops/13796220_2160_3840_25fps/3/frame_000200.jpg,,0.0
data/crops/13796220_2160_3840_25fps/3/frame_000165.jpg,,0.0
data/crops/13796220_2160_3840_25fps/3/frame_000155.jpg,区,0.2321968525648117
data/crops/13796220_2160_3840_25fps/3/frame_000020.jpg,,0.0
data/crops/13796220_2160_3840_25fps/3/frame_000195.jpg,,0.0
data/crops/13796220_2160_3840_25fps/3/frame_000180.jpg,,0.0
data/crops/13796220_2160_3840_25fps/3/frame_000190.jpg,,0.0
data/crops/13796220_2160_3840_25fps/3/frame_000185.jpg,,0.0
data/crops/13796220_2160_3840_25fps/3/frame_000150.jpg,,0.0
data/crops/13796220_2160_3840_25fps/3/frame_000030.jpg,T,0.21179474890232086
data/crops/13796220_2160_3840_25fps/3/frame_000145.jpg,,0.0
data/crops/13796220_2160_3840_25fps/3/frame_000095.jpg,2,0.31044167280197144
data/crops/13796220_2160_3840_25fps/3/frame_000080.jpg,R,0.7498888969421387
data/crops/13796220_2160_3840_25fps/3/frame_000135.jpg,2,0.2283639758825302
data/crops/13796220_2160_3840_25fps/3/frame_000055.jpg,生,0.09289894253015518
data/crops/13796220_2160_3840_25fps/3/frame_000040.jpg,,0.0
data/crops/13796220_2160_3840_25fps/3/frame_000120.jpg,,0.0
data/crops/13796220_2160_3840_25fps/3/frame_000130.jpg,B,0.1854638159275055
data/crops/13796220_2160_3840_25fps/3/frame_000050.jpg,K,0.5611656904220581
data/crops/13796220_2160_3840_25fps/3/frame_000045.jpg,K,0.6795612573623657
data/crops/13796220_2160_3840_25fps/3/frame_000125.jpg,中,0.3092358410358429
data/crops/13796220_2160_3840_25fps/2/frame_000100.jpg,,0.0
data/crops/13796220_2160_3840_25fps/2/frame_000060.jpg,56283101,0.830357015132904
data/crops/13796220_2160_3840_25fps/2/frame_000115.jpg,,0.0
data/crops/13796220_2160_3840_25fps/2/frame_000105.jpg,2,0.20994020998477936
data/crops/13796220_2160_3840_25fps/2/frame_000065.jpg,,0.0
data/crops/13796220_2160_3840_25fps/2/frame_000070.jpg,,0.0
data/crops/13796220_2160_3840_25fps/2/frame_000110.jpg,,0.0
data/crops/13796220_2160_3840_25fps/2/frame_000000.jpg,7,0.45544949173927307
data/crops/13796220_2160_3840_25fps/2/frame_000015.jpg,8,0.6535422205924988
data/crops/13796220_2160_3840_25fps/2/frame_000010.jpg,,0.0
data/crops/13796220_2160_3840_25fps/2/frame_000020.jpg,2,0.44090577960014343
data/crops/13796220_2160_3840_25fps/2/frame_000080.jpg,,0.0
data/crops/13796220_2160_3840_25fps/2/frame_000055.jpg,BO1EL195,0.6776865124702454
data/crops/13796220_2160_3840_25fps/2/frame_000050.jpg,,0.0
data/crops/13796220_2160_3840_25fps/2/frame_000045.jpg,,0.0
data/crops/13796220_2160_3840_25fps/2/frame_000085.jpg,56113,0.9024296998977661
data/crops/13796220_2160_3840_25fps/5/frame_000100.jpg,1,0.27330282330513
data/crops/13796220_2160_3840_25fps/5/frame_000075.jpg,,0.0
data/crops/13796220_2160_3840_25fps/5/frame_000105.jpg,,0.0
data/crops/13796220_2160_3840_25fps/5/frame_000000.jpg,,0.0
data/crops/13796220_2160_3840_25fps/5/frame_000015.jpg,,0.0
data/crops/13796220_2160_3840_25fps/5/frame_000005.jpg,,0.0
data/crops/13796220_2160_3840_25fps/5/frame_000010.jpg,,0.0
data/crops/13796220_2160_3840_25fps/5/frame_000035.jpg,,0.0
data/crops/13796220_2160_3840_25fps/5/frame_000020.jpg,,0.0
data/crops/13796220_2160_3840_25fps/5/frame_000030.jpg,1,0.31138700246810913
data/crops/13796220_2160_3840_25fps/5/frame_000095.jpg,,0.0
data/crops/13796220_2160_3840_25fps/5/frame_000135.jpg,,0.0
data/crops/13796220_2160_3840_25fps/5/frame_000055.jpg,,0.0
data/crops/13796220_2160_3840_25fps/5/frame_000130.jpg,,0.0
data/crops/13796220_2160_3840_25fps/5/frame_000050.jpg,,0.0
data/crops/13796220_2160_3840_25fps/5/frame_000125.jpg,0,0.1817227005958557
data/crops/13796220_2160_3840_25fps/5/frame_000085.jpg,,0.0
data/crops/13796220_2160_3840_25fps/25/frame_000605.jpg,,0.0
data/crops/13796220_2160_3840_25fps/25/frame_000610.jpg,1,0.730772852897644
data/crops/13796220_2160_3840_25fps/25/frame_000575.jpg,,0.0
data/crops/13796220_2160_3840_25fps/25/frame_000580.jpg,,0.0
data/crops/13796220_2160_3840_25fps/25/frame_000595.jpg,,0.0
data/crops/15076457_2160_3840_30fps/35/frame_000162.jpg,，,0.3719440698623657
data/crops/15076457_2160_3840_30fps/34/frame_000177.jpg,国,0.1462981104850769
data/crops/15076457_2160_3840_30fps/34/frame_000165.jpg,,0.0
data/crops/15076457_2160_3840_30fps/34/frame_000180.jpg,三,0.3385530114173889
data/crops/15076457_2160_3840_30fps/33/frame_000162.jpg,1,0.19317954778671265
data/crops/15076457_2160_3840_30fps/20/frame_000102.jpg,O,0.6015109419822693
data/crops/15076457_2160_3840_30fps/20/frame_000099.jpg,YO,0.8379569053649902
data/crops/15076457_2160_3840_30fps/20/frame_000087.jpg,YOP,0.7629864811897278
data/crops/15076457_2160_3840_30fps/20/frame_000093.jpg,,0.0
data/crops/15076457_2160_3840_30fps/20/frame_000090.jpg,,0.0
data/crops/15076457_2160_3840_30fps/18/frame_000099.jpg,,0.0
data/crops/15076457_2160_3840_30fps/18/frame_000087.jpg,,0.0
data/crops/15076457_2160_3840_30fps/18/frame_000093.jpg,,0.0
data/crops/15076457_2160_3840_30fps/18/frame_000084.jpg,9,0.25810933113098145
data/crops/15076457_2160_3840_30fps/1/frame_000063.jpg,,0.0
data/crops/15076457_2160_3840_30fps/1/frame_000102.jpg,,0.0
data/crops/15076457_2160_3840_30fps/1/frame_000114.jpg,,0.0
data/crops/15076457_2160_3840_30fps/1/frame_000048.jpg,KA41AA321,0.926893949508667
data/crops/15076457_2160_3840_30fps/1/frame_000060.jpg,,0.0
data/crops/15076457_2160_3840_30fps/1/frame_000075.jpg,,0.0
data/crops/15076457_2160_3840_30fps/1/frame_000111.jpg,X,0.25753912329673767
data/crops/15076457_2160_3840_30fps/1/frame_000066.jpg,,0.0
data/crops/15076457_2160_3840_30fps/1/frame_000000.jpg,KA41AA321,0.9994491934776306
data/crops/15076457_2160_3840_30fps/1/frame_000015.jpg,KA41AA321,0.9997937679290771
data/crops/15076457_2160_3840_30fps/1/frame_000006.jpg,KA41AA321,0.9954760670661926
data/crops/15076457_2160_3840_30fps/1/frame_000012.jpg,KA41AA321,0.9976813793182373
data/crops/15076457_2160_3840_30fps/1/frame_000009.jpg,KA41AA321,0.9997539520263672
data/crops/15076457_2160_3840_30fps/1/frame_000021.jpg,KA41AA321,0.999426007270813
data/crops/15076457_2160_3840_30fps/1/frame_000036.jpg,KA41AA321,0.9758424758911133
data/crops/15076457_2160_3840_30fps/1/frame_000027.jpg,KA41AA321,0.9997554421424866
data/crops/15076457_2160_3840_30fps/1/frame_000033.jpg,KA41AA321,0.9994693398475647
data/crops/15076457_2160_3840_30fps/1/frame_000030.jpg,KA41AA321,0.9992610216140747
data/crops/15076457_2160_3840_30fps/1/frame_000024.jpg,4432,0.6541086435317993
data/crops/15076457_2160_3840_30fps/1/frame_000018.jpg,KA41AA321,0.9996694922447205
data/crops/15076457_2160_3840_30fps/1/frame_000081.jpg,,0.0
data/crops/15076457_2160_3840_30fps/1/frame_000057.jpg,,0.0
data/crops/15076457_2160_3840_30fps/1/frame_000069.jpg,,0.0
data/crops/15076457_2160_3840_30fps/1/frame_000054.jpg,AA113Z1,0.706605076789856
data/crops/15076457_2160_3840_30fps/1/frame_000108.jpg,,0.0
data/crops/15076457_2160_3840_30fps/1/frame_000078.jpg,1445,0.7878055572509766
data/crops/15076457_2160_3840_30fps/1/frame_000045.jpg,KA41AA321,0.9919042587280273
data/crops/15076457_2160_3840_30fps/1/frame_000090.jpg,,0.0
data/crops/15076457_2160_3840_30fps/26/frame_000129.jpg,2,0.38507992029190063
data/crops/15076457_2160_3840_30fps/26/frame_000141.jpg,1,0.4449198544025421
data/crops/15076457_2160_3840_30fps/26/frame_000123.jpg,,0.0
data/crops/15076457_2160_3840_30fps/26/frame_000120.jpg,,0.0
data/crops/15076457_2160_3840_30fps/26/frame_000132.jpg,,0.0
data/crops/15076457_2160_3840_30fps/26/frame_000126.jpg,,0.0
data/crops/15076457_2160_3840_30fps/23/frame_000093.jpg,,0.0
data/crops/15076457_2160_3840_30fps/3/frame_000039.jpg,,0.0
data/crops/15076457_2160_3840_30fps/3/frame_000021.jpg,,0.0
data/crops/15076457_2160_3840_30fps/3/frame_000024.jpg,,0.0
data/crops/15076457_2160_3840_30fps/3/frame_000018.jpg,,0.0
data/crops/15076457_2160_3840_30fps/3/frame_000057.jpg,,0.0
data/crops/15076457_2160_3840_30fps/3/frame_000054.jpg,,0.0
data/crops/15076457_2160_3840_30fps/2/frame_000000.jpg,,0.0
data/crops/14586488_3840_2160_60fps/66/frame_000700.jpg,1,0.6501292586326599
data/crops/14586488_3840_2160_60fps/57/frame_000670.jpg,,0.0
data/crops/14586488_3840_2160_60fps/57/frame_000610.jpg,,0.0
data/crops/14586488_3840_2160_60fps/57/frame_000630.jpg,,0.0
data/crops/14586488_3840_2160_60fps/57/frame_000625.jpg,,0.0
data/crops/14586488_3840_2160_60fps/57/frame_000620.jpg,,0.0
data/crops/14586488_3840_2160_60fps/57/frame_000650.jpg,,0.0
data/crops/14586488_3840_2160_60fps/57/frame_000725.jpg,,0.0
data/crops/14586488_3840_2160_60fps/57/frame_000645.jpg,,0.0
data/crops/14586488_3840_2160_60fps/57/frame_000685.jpg,,0.0
data/crops/14586488_3840_2160_60fps/57/frame_000695.jpg,,0.0
data/crops/14586488_3840_2160_60fps/57/frame_000680.jpg,,0.0
data/crops/14586488_3840_2160_60fps/57/frame_000720.jpg,,0.0
data/crops/14586488_3840_2160_60fps/57/frame_000640.jpg,,0.0
data/crops/14586488_3840_2160_60fps/56/frame_000610.jpg,,0.0
data/crops/14586488_3840_2160_60fps/56/frame_000590.jpg,,0.0
data/crops/14586488_3840_2160_60fps/51/frame_000510.jpg,,0.0
data/crops/14586488_3840_2160_60fps/51/frame_000515.jpg,,0.0
data/crops/14586488_3840_2160_60fps/51/frame_000500.jpg,,0.0
data/crops/14586488_3840_2160_60fps/51/frame_000525.jpg,,0.0
data/crops/14586488_3840_2160_60fps/67/frame_000705.jpg,,0.0
data/crops/14586488_3840_2160_60fps/67/frame_000710.jpg,A,0.3000773787498474
data/crops/14586488_3840_2160_60fps/67/frame_000715.jpg,,0.0
data/crops/14586488_3840_2160_60fps/67/frame_000725.jpg,一,0.5108720064163208
data/crops/14586488_3840_2160_60fps/9/frame_000175.jpg,,0.0
data/crops/14586488_3840_2160_60fps/9/frame_000200.jpg,,0.0
data/crops/14586488_3840_2160_60fps/9/frame_000365.jpg,,0.0
data/crops/14586488_3840_2160_60fps/9/frame_000195.jpg,,0.0
data/crops/14586488_3840_2160_60fps/9/frame_000180.jpg,,0.0
data/crops/14586488_3840_2160_60fps/9/frame_000190.jpg,,0.0
data/crops/14586488_3840_2160_60fps/9/frame_000350.jpg,2,0.43611493706703186
data/crops/14586488_3840_2160_60fps/9/frame_000185.jpg,,0.0
data/crops/14586488_3840_2160_60fps/11/frame_000100.jpg,,0.0
data/crops/14586488_3840_2160_60fps/11/frame_000105.jpg,,0.0
data/crops/14586488_3840_2160_60fps/45/frame_000635.jpg,1,0.7073902487754822
data/crops/14586488_3840_2160_60fps/45/frame_000640.jpg,1,0.6493323445320129
data/crops/14586488_3840_2160_60fps/17/frame_000300.jpg,1,0.35245630145072937
data/crops/14586488_3840_2160_60fps/17/frame_000305.jpg,,0.0
data/crops/14586488_3840_2160_60fps/1/frame_000665.jpg,,0.0
data/crops/14586488_3840_2160_60fps/1/frame_000315.jpg,,0.0
data/crops/14586488_3840_2160_60fps/1/frame_000275.jpg,,0.0
data/crops/14586488_3840_2160_60fps/1/frame_000705.jpg,,0.0
data/crops/14586488_3840_2160_60fps/1/frame_000710.jpg,,0.0
data/crops/14586488_3840_2160_60fps/1/frame_000670.jpg,,0.0
data/crops/14586488_3840_2160_60fps/1/frame_000100.jpg,,0.0
data/crops/14586488_3840_2160_60fps/1/frame_000470.jpg,,0.0
data/crops/14586488_3840_2160_60fps/1/frame_000505.jpg,,0.0
data/crops/14586488_3840_2160_60fps/1/frame_000115.jpg,,0.0
data/crops/14586488_3840_2160_60fps/1/frame_000515.jpg,,0.0
data/crops/14586488_3840_2160_60fps/1/frame_000065.jpg,,0.0
data/crops/14586488_3840_2160_60fps/1/frame_000500.jpg,,0.0
data/crops/14586488_3840_2160_60fps/1/frame_000110.jpg,,0.0
data/crops/14586488_3840_2160_60fps/1/frame_000660.jpg,,0.0
data/crops/14586488_3840_2160_60fps/1/frame_000310.jpg,,0.0
data/crops/14586488_3840_2160_60fps/1/frame_000270.jpg,,0.0
data/crops/14586488_3840_2160_60fps/1/frame_000700.jpg,,0.0
data/crops/14586488_3840_2160_60fps/1/frame_000715.jpg,,0.0
data/crops/14586488_3840_2160_60fps/1/frame_000265.jpg,,0.0
data/crops/14586488_3840_2160_60fps/1/frame_000305.jpg,,0.0
data/crops/14586488_3840_2160_60fps/1/frame_000160.jpg,,0.0
data/crops/14586488_3840_2160_60fps/1/frame_000570.jpg,,0.0
data/crops/14586488_3840_2160_60fps/1/frame_000000.jpg,,0.0
data/crops/14586488_3840_2160_60fps/1/frame_000565.jpg,,0.0
data/crops/14586488_3840_2160_60fps/1/frame_000405.jpg,,0.0
data/crops/14586488_3840_2160_60fps/1/frame_000175.jpg,,0.0
data/crops/14586488_3840_2160_60fps/1/frame_000605.jpg,,0.0
data/crops/14586488_3840_2160_60fps/1/frame_000375.jpg,,0.0
data/crops/14586488_3840_2160_60fps/1/frame_000215.jpg,,0.0
data/crops/14586488_3840_2160_60fps/1/frame_000360.jpg,,0.0
data/crops/14586488_3840_2160_60fps/1/frame_000610.jpg,,0.0
data/crops/14586488_3840_2160_60fps/1/frame_000600.jpg,,0.0
data/crops/14586488_3840_2160_60fps/1/frame_000365.jpg,,0.0
data/crops/14586488_3840_2160_60fps/1/frame_000165.jpg,,0.0
data/crops/14586488_3840_2160_60fps/1/frame_000415.jpg,,0.0
data/crops/14586488_3840_2160_60fps/1/frame_000575.jpg,,0.0
data/crops/14586488_3840_2160_60fps/1/frame_000005.jpg,,0.0
data/crops/14586488_3840_2160_60fps/1/frame_000010.jpg,,0.0
data/crops/14586488_3840_2160_60fps/1/frame_000400.jpg,,0.0
data/crops/14586488_3840_2160_60fps/1/frame_000170.jpg,,0.0
data/crops/14586488_3840_2160_60fps/1/frame_000155.jpg,,0.0
data/crops/14586488_3840_2160_60fps/1/frame_000425.jpg,,0.0
data/crops/14586488_3840_2160_60fps/1/frame_000380.jpg,,0.0
data/crops/14586488_3840_2160_60fps/1/frame_000545.jpg,9407,0.9997891187667847
data/crops/14586488_3840_2160_60fps/1/frame_000035.jpg,,0.0
data/crops/14586488_3840_2160_60fps/1/frame_000020.jpg,,0.0
data/crops/14586488_3840_2160_60fps/1/frame_000550.jpg,,0.0
data/crops/14586488_3840_2160_60fps/1/frame_000430.jpg,,0.0
data/crops/14586488_3840_2160_60fps/1/frame_000140.jpg,,0.0
data/crops/14586488_3840_2160_60fps/1/frame_000630.jpg,,0.0
data/crops/14586488_3840_2160_60fps/1/frame_000195.jpg,,0.0
data/crops/14586488_3840_2160_60fps/1/frame_000340.jpg,,0.0
data/crops/14586488_3840_2160_60fps/1/frame_000220.jpg,,0.0
data/crops/14586488_3840_2160_60fps/1/frame_000590.jpg,,0.0
data/crops/14586488_3840_2160_60fps/1/frame_000235.jpg,,0.0
data/crops/14586488_3840_2160_60fps/1/frame_000180.jpg,,0.0
data/crops/14586488_3840_2160_60fps/1/frame_000625.jpg,,0.0
data/crops/14586488_3840_2160_60fps/1/frame_000635.jpg,,0.0
data/crops/14586488_3840_2160_60fps/1/frame_000345.jpg,,0.0
data/crops/14586488_3840_2160_60fps/1/frame_000225.jpg,,0.0
data/crops/14586488_3840_2160_60fps/1/frame_000580.jpg,,0.0
data/crops/14586488_3840_2160_60fps/1/frame_000595.jpg,,0.0
data/crops/14586488_3840_2160_60fps/1/frame_000230.jpg,,0.0
data/crops/14586488_3840_2160_60fps/1/frame_000350.jpg,,0.0
data/crops/14586488_3840_2160_60fps/1/frame_000185.jpg,,0.0
data/crops/14586488_3840_2160_60fps/1/frame_000385.jpg,,0.0
data/crops/14586488_3840_2160_60fps/1/frame_000540.jpg,,0.0
data/crops/14586488_3840_2160_60fps/1/frame_000030.jpg,,0.0
data/crops/14586488_3840_2160_60fps/1/frame_000025.jpg,,0.0
data/crops/14586488_3840_2160_60fps/1/frame_000390.jpg,,0.0
data/crops/14586488_3840_2160_60fps/1/frame_000435.jpg,,0.0
data/crops/14586488_3840_2160_60fps/1/frame_000650.jpg,,0.0
data/crops/14586488_3840_2160_60fps/1/frame_000485.jpg,,0.0
data/crops/14586488_3840_2160_60fps/1/frame_000240.jpg,,0.0
data/crops/14586488_3840_2160_60fps/1/frame_000730.jpg,,0.0
data/crops/14586488_3840_2160_60fps/1/frame_000095.jpg,,0.0
data/crops/14586488_3840_2160_60fps/1/frame_000725.jpg,,0.0
data/crops/14586488_3840_2160_60fps/1/frame_000255.jpg,,0.0
data/crops/14586488_3840_2160_60fps/1/frame_000490.jpg,,0.0
data/crops/14586488_3840_2160_60fps/1/frame_000335.jpg,,0.0
data/crops/14586488_3840_2160_60fps/1/frame_000645.jpg,,0.0
data/crops/14586488_3840_2160_60fps/1/frame_000135.jpg,,0.0
data/crops/14586488_3840_2160_60fps/1/frame_000690.jpg,,0.0
data/crops/14586488_3840_2160_60fps/1/frame_000445.jpg,,0.0
data/crops/14586488_3840_2160_60fps/1/frame_000525.jpg,,0.0
data/crops/14586488_3840_2160_60fps/1/frame_000280.jpg,,0.0
data/crops/14586488_3840_2160_60fps/1/frame_000055.jpg,,0.0
data/crops/14586488_3840_2160_60fps/1/frame_000295.jpg,,0.0
data/crops/14586488_3840_2160_60fps/1/frame_000530.jpg,,0.0
data/crops/14586488_3840_2160_60fps/1/frame_000685.jpg,,0.0
data/crops/14586488_3840_2160_60fps/1/frame_000120.jpg,,0.0
data/crops/14586488_3840_2160_60fps/1/frame_000130.jpg,,0.0
data/crops/14586488_3840_2160_60fps/1/frame_000695.jpg,,0.0
data/crops/14586488_3840_2160_60fps/1/frame_000285.jpg,,0.0
data/crops/14586488_3840_2160_60fps/1/frame_000050.jpg,,0.0
data/crops/14586488_3840_2160_60fps/1/frame_000290.jpg,,0.0
data/crops/14586488_3840_2160_60fps/1/frame_000535.jpg,,0.0
data/crops/14586488_3840_2160_60fps/1/frame_000680.jpg,,0.0
data/crops/14586488_3840_2160_60fps/1/frame_000125.jpg,,0.0
data/crops/14586488_3840_2160_60fps/1/frame_000655.jpg,,0.0
data/crops/14586488_3840_2160_60fps/1/frame_000325.jpg,,0.0
data/crops/14586488_3840_2160_60fps/1/frame_000480.jpg,,0.0
data/crops/14586488_3840_2160_60fps/1/frame_000245.jpg,,0.0
data/crops/14586488_3840_2160_60fps/1/frame_000090.jpg,,0.0
data/crops/14586488_3840_2160_60fps/1/frame_000085.jpg,,0.0
data/crops/14586488_3840_2160_60fps/1/frame_000720.jpg,,0.0
data/crops/14586488_3840_2160_60fps/1/frame_000250.jpg,,0.0
data/crops/14586488_3840_2160_60fps/1/frame_000495.jpg,,0.0
data/crops/14586488_3840_2160_60fps/1/frame_000640.jpg,,0.0
data/crops/14586488_3840_2160_60fps/19/frame_000160.jpg,T,0.22871357202529907
data/crops/14586488_3840_2160_60fps/19/frame_000155.jpg,,0.0
data/crops/14586488_3840_2160_60fps/36/frame_000460.jpg,,0.0
data/crops/14586488_3840_2160_60fps/36/frame_000410.jpg,,0.0
data/crops/14586488_3840_2160_60fps/36/frame_000375.jpg,,0.0
data/crops/14586488_3840_2160_60fps/36/frame_000360.jpg,,0.0
data/crops/14586488_3840_2160_60fps/36/frame_000370.jpg,,0.0
data/crops/14586488_3840_2160_60fps/36/frame_000415.jpg,,0.0
data/crops/14586488_3840_2160_60fps/36/frame_000400.jpg,,0.0
data/crops/14586488_3840_2160_60fps/36/frame_000425.jpg,大,0.36543968319892883
data/crops/14586488_3840_2160_60fps/36/frame_000395.jpg,1,0.09360471367835999
data/crops/14586488_3840_2160_60fps/36/frame_000385.jpg,,0.0
data/crops/14586488_3840_2160_60fps/36/frame_000390.jpg,,0.0
data/crops/14586488_3840_2160_60fps/36/frame_000335.jpg,,0.0
data/crops/14586488_3840_2160_60fps/36/frame_000445.jpg,1,0.1100311353802681
data/crops/14586488_3840_2160_60fps/36/frame_000440.jpg,,0.0
data/crops/14586488_3840_2160_60fps/36/frame_000330.jpg,,0.0
data/crops/14586488_3840_2160_60fps/62/frame_000685.jpg,,0.0
data/crops/14586488_3840_2160_60fps/62/frame_000695.jpg,,0.0
data/crops/14586488_3840_2160_60fps/64/frame_000670.jpg,,0.0
data/crops/14586488_3840_2160_60fps/64/frame_000660.jpg,,0.0
data/crops/14586488_3840_2160_60fps/64/frame_000700.jpg,C,0.6980937719345093
data/crops/14586488_3840_2160_60fps/64/frame_000675.jpg,,0.0
data/crops/14586488_3840_2160_60fps/64/frame_000685.jpg,C,0.41612309217453003
data/crops/14586488_3840_2160_60fps/64/frame_000695.jpg,,0.0
data/crops/14586488_3840_2160_60fps/64/frame_000680.jpg,,0.0
data/crops/14586488_3840_2160_60fps/41/frame_000665.jpg,A,0.3035576343536377
data/crops/14586488_3840_2160_60fps/41/frame_000705.jpg,,0.0
data/crops/14586488_3840_2160_60fps/41/frame_000710.jpg,,0.0
data/crops/14586488_3840_2160_60fps/41/frame_000510.jpg,,0.0
data/crops/14586488_3840_2160_60fps/41/frame_000500.jpg,,0.0
data/crops/14586488_3840_2160_60fps/41/frame_000460.jpg,,0.0
data/crops/14586488_3840_2160_60fps/41/frame_000660.jpg,,0.0
data/crops/14586488_3840_2160_60fps/41/frame_000715.jpg,,0.0
data/crops/14586488_3840_2160_60fps/41/frame_000570.jpg,,0.0
data/crops/14586488_3840_2160_60fps/41/frame_000405.jpg,,0.0
data/crops/14586488_3840_2160_60fps/41/frame_000605.jpg,LOO,0.8291082382202148
data/crops/14586488_3840_2160_60fps/41/frame_000610.jpg,2J0,0.6457885503768921
data/crops/14586488_3840_2160_60fps/41/frame_000600.jpg,NCZ,0.8625902533531189
data/crops/14586488_3840_2160_60fps/41/frame_000615.jpg,,0.0
data/crops/14586488_3840_2160_60fps/41/frame_000560.jpg,,0.0
data/crops/14586488_3840_2160_60fps/41/frame_000400.jpg,,0.0
data/crops/14586488_3840_2160_60fps/41/frame_000425.jpg,,0.0
data/crops/14586488_3840_2160_60fps/41/frame_000545.jpg,,0.0
data/crops/14586488_3840_2160_60fps/41/frame_000550.jpg,,0.0
data/crops/14586488_3840_2160_60fps/41/frame_000430.jpg,,0.0
data/crops/14586488_3840_2160_60fps/41/frame_000630.jpg,AND,0.42415574193000793
data/crops/14586488_3840_2160_60fps/41/frame_000585.jpg,,0.0
data/crops/14586488_3840_2160_60fps/41/frame_000590.jpg,,0.0
data/crops/14586488_3840_2160_60fps/41/frame_000625.jpg,,0.0
data/crops/14586488_3840_2160_60fps/41/frame_000635.jpg,,0.0
data/crops/14586488_3840_2160_60fps/41/frame_000580.jpg,,0.0
data/crops/14586488_3840_2160_60fps/41/frame_000595.jpg,,0.0
data/crops/14586488_3840_2160_60fps/41/frame_000620.jpg,,0.0
data/crops/14586488_3840_2160_60fps/41/frame_000555.jpg,,0.0
data/crops/14586488_3840_2160_60fps/41/frame_000435.jpg,,0.0
data/crops/14586488_3840_2160_60fps/41/frame_000650.jpg,,0.0
data/crops/14586488_3840_2160_60fps/41/frame_000485.jpg,,0.0
data/crops/14586488_3840_2160_60fps/41/frame_000725.jpg,,0.0
data/crops/14586488_3840_2160_60fps/41/frame_000645.jpg,,0.0
data/crops/14586488_3840_2160_60fps/41/frame_000690.jpg,C,0.46502792835235596
data/crops/14586488_3840_2160_60fps/41/frame_000445.jpg,,0.0
data/crops/14586488_3840_2160_60fps/41/frame_000525.jpg,,0.0
data/crops/14586488_3840_2160_60fps/41/frame_000685.jpg,,0.0
data/crops/14586488_3840_2160_60fps/41/frame_000695.jpg,,0.0
data/crops/14586488_3840_2160_60fps/41/frame_000440.jpg,,0.0
data/crops/14586488_3840_2160_60fps/41/frame_000520.jpg,,0.0
data/crops/14586488_3840_2160_60fps/41/frame_000680.jpg,,0.0
data/crops/14586488_3840_2160_60fps/41/frame_000480.jpg,,0.0
data/crops/14586488_3840_2160_60fps/41/frame_000495.jpg,,0.0
data/crops/14586488_3840_2160_60fps/41/frame_000640.jpg,,0.0
data/crops/14586488_3840_2160_60fps/23/frame_000240.jpg,2,0.3559171259403229
data/crops/14586488_3840_2160_60fps/4/frame_000315.jpg,,0.0
data/crops/14586488_3840_2160_60fps/4/frame_000275.jpg,,0.0
data/crops/14586488_3840_2160_60fps/4/frame_000300.jpg,,0.0
data/crops/14586488_3840_2160_60fps/4/frame_000310.jpg,,0.0
data/crops/14586488_3840_2160_60fps/4/frame_000270.jpg,,0.0
data/crops/14586488_3840_2160_60fps/4/frame_000265.jpg,6,0.12465758621692657
data/crops/14586488_3840_2160_60fps/4/frame_000160.jpg,,0.0
data/crops/14586488_3840_2160_60fps/4/frame_000000.jpg,,0.0
data/crops/14586488_3840_2160_60fps/4/frame_000175.jpg,,0.0
data/crops/14586488_3840_2160_60fps/4/frame_000375.jpg,,0.0
data/crops/14586488_3840_2160_60fps/4/frame_000215.jpg,103,0.7675452828407288
data/crops/14586488_3840_2160_60fps/4/frame_000370.jpg,,0.0
data/crops/14586488_3840_2160_60fps/4/frame_000210.jpg,EOUIPE,0.9007964134216309
data/crops/14586488_3840_2160_60fps/4/frame_000205.jpg,OUIPE,0.858796238899231
data/crops/14586488_3840_2160_60fps/4/frame_000365.jpg,,0.0
data/crops/14586488_3840_2160_60fps/4/frame_000165.jpg,,0.0
data/crops/14586488_3840_2160_60fps/4/frame_000400.jpg,,0.0
data/crops/14586488_3840_2160_60fps/4/frame_000170.jpg,,0.0
data/crops/14586488_3840_2160_60fps/4/frame_000380.jpg,0,0.3417022228240967
data/crops/14586488_3840_2160_60fps/4/frame_000140.jpg,,0.0
data/crops/14586488_3840_2160_60fps/4/frame_000195.jpg,,0.0
data/crops/14586488_3840_2160_60fps/4/frame_000220.jpg,LEOUIP,0.8309907913208008
data/crops/14586488_3840_2160_60fps/4/frame_000235.jpg,,0.0
data/crops/14586488_3840_2160_60fps/4/frame_000355.jpg,,0.0
data/crops/14586488_3840_2160_60fps/4/frame_000190.jpg,,0.0
data/crops/14586488_3840_2160_60fps/4/frame_000345.jpg,,0.0
data/crops/14586488_3840_2160_60fps/4/frame_000225.jpg,,0.0
data/crops/14586488_3840_2160_60fps/4/frame_000185.jpg,,0.0
data/crops/14586488_3840_2160_60fps/4/frame_000150.jpg,120,0.6405068635940552
data/crops/14586488_3840_2160_60fps/4/frame_000385.jpg,,0.0
data/crops/14586488_3840_2160_60fps/4/frame_000390.jpg,,0.0
data/crops/14586488_3840_2160_60fps/4/frame_000320.jpg,,0.0
data/crops/14586488_3840_2160_60fps/4/frame_000240.jpg,,0.0
data/crops/14586488_3840_2160_60fps/4/frame_000280.jpg,,0.0
data/crops/14586488_3840_2160_60fps/4/frame_000120.jpg,2,0.518866240978241
data/crops/14586488_3840_2160_60fps/4/frame_000285.jpg,,0.0
data/crops/14586488_3840_2160_60fps/4/frame_000290.jpg,人,0.5993449687957764
data/crops/14586488_3840_2160_60fps/4/frame_000125.jpg,4,0.5283229947090149
data/crops/14586488_3840_2160_60fps/4/frame_000250.jpg,2,0.3445536196231842
data/crops/14586488_3840_2160_60fps/4/frame_000330.jpg,,0.0
data/crops/14586488_3840_2160_60fps/15/frame_000315.jpg,,0.0
data/crops/14586488_3840_2160_60fps/15/frame_000260.jpg,,0.0
data/crops/14586488_3840_2160_60fps/15/frame_000310.jpg,,0.0
data/crops/14586488_3840_2160_60fps/15/frame_000305.jpg,,0.0
data/crops/14586488_3840_2160_60fps/15/frame_000160.jpg,,0.0
data/crops/14586488_3840_2160_60fps/15/frame_000175.jpg,,0.0
data/crops/14586488_3840_2160_60fps/15/frame_000375.jpg,,0.0
data/crops/14586488_3840_2160_60fps/15/frame_000215.jpg,,0.0
data/crops/14586488_3840_2160_60fps/15/frame_000200.jpg,,0.0
data/crops/14586488_3840_2160_60fps/15/frame_000360.jpg,,0.0
data/crops/14586488_3840_2160_60fps/15/frame_000370.jpg,,0.0
data/crops/14586488_3840_2160_60fps/15/frame_000205.jpg,A,0.34453698992729187
data/crops/14586488_3840_2160_60fps/15/frame_000365.jpg,00,0.7464805841445923
data/crops/14586488_3840_2160_60fps/15/frame_000165.jpg,,0.0
data/crops/14586488_3840_2160_60fps/15/frame_000170.jpg,,0.0
data/crops/14586488_3840_2160_60fps/15/frame_000155.jpg,23008281,0.35625022649765015
data/crops/14586488_3840_2160_60fps/15/frame_000140.jpg,,0.0
data/crops/14586488_3840_2160_60fps/15/frame_000195.jpg,,0.0
data/crops/14586488_3840_2160_60fps/15/frame_000340.jpg,10,0.752394437789917
data/crops/14586488_3840_2160_60fps/15/frame_000220.jpg,,0.0
data/crops/14586488_3840_2160_60fps/15/frame_000355.jpg,L50,0.8790014386177063
data/crops/14586488_3840_2160_60fps/15/frame_000180.jpg,,0.0
data/crops/14586488_3840_2160_60fps/15/frame_000190.jpg,,0.0
data/crops/14586488_3840_2160_60fps/15/frame_000225.jpg,,0.0
data/crops/14586488_3840_2160_60fps/15/frame_000230.jpg,1,0.7686157822608948
data/crops/14586488_3840_2160_60fps/15/frame_000350.jpg,,0.0
data/crops/14586488_3840_2160_60fps/15/frame_000185.jpg,,0.0
data/crops/14586488_3840_2160_60fps/15/frame_000145.jpg,,0.0
data/crops/14586488_3840_2160_60fps/15/frame_000240.jpg,,0.0
data/crops/14586488_3840_2160_60fps/15/frame_000335.jpg,,0.0
data/crops/14586488_3840_2160_60fps/15/frame_000280.jpg,,0.0
data/crops/14586488_3840_2160_60fps/15/frame_000245.jpg,,0.0
data/crops/14586488_3840_2160_60fps/15/frame_000250.jpg,,0.0
data/crops/14586488_3840_2160_60fps/15/frame_000330.jpg,,0.0
data/crops/14586488_3840_2160_60fps/3/frame_000060.jpg,,0.0
data/crops/14586488_3840_2160_60fps/3/frame_000115.jpg,,0.0
data/crops/14586488_3840_2160_60fps/3/frame_000105.jpg,,0.0
data/crops/14586488_3840_2160_60fps/3/frame_000070.jpg,250,0.9906099438667297
data/crops/14586488_3840_2160_60fps/3/frame_000110.jpg,STO,0.8929643034934998
data/crops/14586488_3840_2160_60fps/3/frame_000160.jpg,,0.0
data/crops/14586488_3840_2160_60fps/3/frame_000175.jpg,家贝,0.6707931756973267
data/crops/14586488_3840_2160_60fps/3/frame_000215.jpg,,0.0
data/crops/14586488_3840_2160_60fps/3/frame_000200.jpg,B,0.631887674331665
data/crops/14586488_3840_2160_60fps/3/frame_000165.jpg,,0.0
data/crops/14586488_3840_2160_60fps/3/frame_000005.jpg,,0.0
data/crops/14586488_3840_2160_60fps/3/frame_000010.jpg,,0.0
data/crops/14586488_3840_2160_60fps/3/frame_000170.jpg,,0.0
data/crops/14586488_3840_2160_60fps/3/frame_000155.jpg,,0.0
data/crops/14586488_3840_2160_60fps/3/frame_000035.jpg,,0.0
data/crops/14586488_3840_2160_60fps/3/frame_000020.jpg,Kai0,0.47282981872558594
data/crops/14586488_3840_2160_60fps/3/frame_000140.jpg,,0.0
data/crops/14586488_3840_2160_60fps/3/frame_000195.jpg,,0.0
data/crops/14586488_3840_2160_60fps/3/frame_000180.jpg,,0.0
data/crops/14586488_3840_2160_60fps/3/frame_000030.jpg,一1,0.28313881158828735
data/crops/14586488_3840_2160_60fps/3/frame_000025.jpg,,0.0
data/crops/14586488_3840_2160_60fps/3/frame_000145.jpg,,0.0
data/crops/14586488_3840_2160_60fps/3/frame_000095.jpg,,0.0
data/crops/14586488_3840_2160_60fps/3/frame_000055.jpg,,0.0
data/crops/14586488_3840_2160_60fps/3/frame_000120.jpg,,0.0
data/crops/14586488_3840_2160_60fps/3/frame_000130.jpg,,0.0
data/crops/14586488_3840_2160_60fps/3/frame_000050.jpg,,0.0
data/crops/14586488_3840_2160_60fps/3/frame_000090.jpg,,0.0
data/crops/14586488_3840_2160_60fps/49/frame_000470.jpg,e,0.23561225831508636
data/crops/14586488_3840_2160_60fps/49/frame_000485.jpg,e,0.6317788362503052
data/crops/14586488_3840_2160_60fps/49/frame_000490.jpg,T,0.40967604517936707
data/crops/14586488_3840_2160_60fps/49/frame_000495.jpg,1,0.934392511844635
data/crops/14586488_3840_2160_60fps/40/frame_000425.jpg,,0.0
data/crops/14586488_3840_2160_60fps/40/frame_000395.jpg,1,0.3394303023815155
data/crops/14586488_3840_2160_60fps/40/frame_000430.jpg,,0.0
data/crops/14586488_3840_2160_60fps/40/frame_000420.jpg,,0.0
data/crops/14586488_3840_2160_60fps/40/frame_000435.jpg,,0.0
data/crops/14586488_3840_2160_60fps/40/frame_000445.jpg,,0.0
data/crops/14586488_3840_2160_60fps/40/frame_000450.jpg,3,0.275800496339798
data/crops/14586488_3840_2160_60fps/40/frame_000440.jpg,,0.0
data/crops/14586488_3840_2160_60fps/40/frame_000455.jpg,A,0.4264693558216095
data/crops/14586488_3840_2160_60fps/2/frame_000000.jpg,1,0.6807833313941956
data/crops/14586488_3840_2160_60fps/2/frame_000010.jpg,1,0.8756328225135803
data/crops/14586488_3840_2160_60fps/2/frame_000025.jpg,,0.0
data/crops/14586488_3840_2160_60fps/5/frame_000315.jpg,,0.0
data/crops/14586488_3840_2160_60fps/5/frame_000275.jpg,,0.0
data/crops/14586488_3840_2160_60fps/5/frame_000470.jpg,,0.0
data/crops/14586488_3840_2160_60fps/5/frame_000475.jpg,,0.0
data/crops/14586488_3840_2160_60fps/5/frame_000065.jpg,BBS,0.7835025787353516
data/crops/14586488_3840_2160_60fps/5/frame_000460.jpg,不,0.2184719443321228
data/crops/14586488_3840_2160_60fps/5/frame_000310.jpg,,0.0
data/crops/14586488_3840_2160_60fps/5/frame_000160.jpg,,0.0
data/crops/14586488_3840_2160_60fps/5/frame_000015.jpg,,0.0
data/crops/14586488_3840_2160_60fps/5/frame_000175.jpg,,0.0
data/crops/14586488_3840_2160_60fps/5/frame_000215.jpg,,0.0
data/crops/14586488_3840_2160_60fps/5/frame_000200.jpg,,0.0
data/crops/14586488_3840_2160_60fps/5/frame_000370.jpg,710,0.7509794235229492
data/crops/14586488_3840_2160_60fps/5/frame_000205.jpg,,0.0
data/crops/14586488_3840_2160_60fps/5/frame_000165.jpg,,0.0
data/crops/14586488_3840_2160_60fps/5/frame_000170.jpg,,0.0
data/crops/14586488_3840_2160_60fps/5/frame_000155.jpg,,0.0
data/crops/14586488_3840_2160_60fps/5/frame_000195.jpg,,0.0
data/crops/14586488_3840_2160_60fps/5/frame_000190.jpg,,0.0
data/crops/14586488_3840_2160_60fps/5/frame_000225.jpg,,0.0
data/crops/14586488_3840_2160_60fps/5/frame_000485.jpg,,0.0
data/crops/14586488_3840_2160_60fps/5/frame_000095.jpg,,0.0
data/crops/14586488_3840_2160_60fps/5/frame_000490.jpg,,0.0
data/crops/14586488_3840_2160_60fps/5/frame_000135.jpg,,0.0
data/crops/14586488_3840_2160_60fps/5/frame_000450.jpg,,0.0
data/crops/14586488_3840_2160_60fps/5/frame_000120.jpg,,0.0
data/crops/14586488_3840_2160_60fps/5/frame_000130.jpg,,0.0
data/crops/14586488_3840_2160_60fps/5/frame_000520.jpg,,0.0
data/crops/14586488_3840_2160_60fps/5/frame_000285.jpg,,0.0
data/crops/14586488_3840_2160_60fps/5/frame_000290.jpg,,0.0
data/crops/14586488_3840_2160_60fps/5/frame_000455.jpg,,0.0
data/crops/14586488_3840_2160_60fps/5/frame_000325.jpg,,0.0
data/crops/14586488_3840_2160_60fps/5/frame_000090.jpg,,0.0
data/crops/14586488_3840_2160_60fps/5/frame_000330.jpg,,0.0
